<?xml version="1.0" encoding="UTF-8"?>
<project-private xmlns="http://www.netbeans.org/ns/project-private/1">
    <editor-bookmarks xmlns="http://www.netbeans.org/ns/editor-bookmarks/2" lastBookmarkId="1">
        <file>
            <url>src/View/Main_Admin.java</url>
            <bookmark id="1">
                <name/>
                <line>482</line>
                <key/>
            </bookmark>
        </file>
    </editor-bookmarks>
    <open-files xmlns="http://www.netbeans.org/ns/projectui-open-files/2">
        <group>
            <file>file:/D:/DownLoad/view/Dự_Án/src/View/QuanLiBanHang.java</file>
            <file>file:/D:/DownLoad/view/Dự_Án/src/View/Login.java</file>
            <file>file:/D:/DownLoad/view/Dự_Án/src/View/Main_Admin.java</file>
            <file>file:/D:/DownLoad/view/Dự_Án/src/DAO/DAO_TrangChu.java</file>
            <file>file:/D:/DownLoad/view/Dự_Án/src/View/QuanLiSanPham_pn.java</file>
            <file>file:/D:/DownLoad/view/Dự_Án/src/View/TrangChu_pn.java</file>
        </group>
    </open-files>
</project-private>
